Workbook

Sheet Parametros
A1: PARÂMETROS – CONTA VINCULADA (IN 05/2017)
A3: Parâmetro | B3: Valor | C3: Descrição
A4: Multa FGTS sobre rescisão | B4: 0.4 | C4: Percentual da multa do FGTS devida na rescisão (40%). Editável conforme edital/contrato.
A5: Contribuição social sobre rescisão | B5: 0.1 | C5: Contribuição social (10%) sobre a rescisão. Editável conforme edital/contrato.
A6: Alíquota FGTS mensal | B6: 0.08 | C6: Alíquota do FGTS (8%) aplicada sobre a remuneração mensal. Editável.
A7: INSS patronal sobre 13º e férias | B7: 0.2 | C7: Alíquota patronal do INSS (20%) sobre 13º salário e férias. Editável.
A8: RAT/FAP sobre 13º e férias | B8: 0.03 | C8: RAT/FAP (3%) sobre 13º e férias. Editável conforme grau de risco.
A9: Encargo adicional de férias | B9: 0.3333 | C9: Adicional de 1/3 constitucional sobre as férias (0,3333). Editável.

Sheet Contratos
A1: Nº Contrato | B1: Contratada | C1: Objeto | D1: Vigência Início | E1: Vigência Fim | F1: Faturamento Mensal (R$) | G1: Parcela Autônoma % | H1: Saldo Inicial Conta Vinculada (R$) | I1: Nº Empregados
A2: 001/2025 | B2: Segurança XYZ Ltda | C2: Vigilância Patrimonial | D2: 45658 | E2: 46022 | F2: 98000 | G2: 0.11 | H2: 50000 | I2: =IF($A2="","",COUNTIF(Empregados!$A:$A,$A2))
A3: 002/2025 | B3: Limpeza ABC Ltda | C3: Aux. Limpeza | D3: 45658 | E3: 46022 | F3: 42000 | G3: 0.09 | H3: 15000 | I3: =IF($A3="","",COUNTIF(Empregados!$A:$A,$A3))
I4: =IF($A4="","",COUNTIF(Empregados!$A:$A,$A4))
I5: =IF($A5="","",COUNTIF(Empregados!$A:$A,$A5))
I6: =IF($A6="","",COUNTIF(Empregados!$A:$A,$A6))
I7: =IF($A7="","",COUNTIF(Empregados!$A:$A,$A7))
I8: =IF($A8="","",COUNTIF(Empregados!$A:$A,$A8))
I9: =IF($A9="","",COUNTIF(Empregados!$A:$A,$A9))
I10: =IF($A10="","",COUNTIF(Empregados!$A:$A,$A10))
I11: =IF($A11="","",COUNTIF(Empregados!$A:$A,$A11))

Sheet Empregados
A1: Nº Contrato | B1: Matrícula | C1: Nome | D1: Função | E1: Salário Base (R$) | F1: Data Admissão | G1: Provisão 13º Mensal | H1: Provisão Férias+1/3 Mensal | I1: Encargo INSS s/13º | J1: Encargo INSS s/Férias | K1: Provisão Rescisória Mensal | L1: TOTAL Provisão Mensal
A2: 001/2025 | B2: V-001 | C2: Vigilante 1 | D2: Vigilante | E2: 2200 | F2: 45659 | G2: =IF(E2="","",E2/12) | H2: =IF(E2="","",E2/12*(1+Parametros!$B$9)) | I2: =IF(G2="","",G2*(Parametros!$B$7+Parametros!$B$8)) | J2: =IF(H2="","",H2*(Parametros!$B$7+Parametros!$B$8)) | K2: =IF(E2="","",E2*Parametros!$B$6*(Parametros!$B$4+Parametros!$B$5)) | L2: =IF(E2="","",SUM(G2:K2))
A3: 001/2025 | B3: V-002 | C3: Vigilante 2 | D3: Vigilante | E3: 2200 | F3: 45659 | G3: =IF(E3="","",E3/12) | H3: =IF(E3="","",E3/12*(1+Parametros!$B$9)) | I3: =IF(G3="","",G3*(Parametros!$B$7+Parametros!$B$8)) | J3: =IF(H3="","",H3*(Parametros!$B$7+Parametros!$B$8)) | K3: =IF(E3="","",E3*Parametros!$B$6*(Parametros!$B$4+Parametros!$B$5)) | L3: =IF(E3="","",SUM(G3:K3))
A4: 001/2025 | B4: V-003 | C4: Vigilante 3 | D4: Vigilante | E4: 2200 | F4: 45659 | G4: =IF(E4="","",E4/12) | H4: =IF(E4="","",E4/12*(1+Parametros!$B$9)) | I4: =IF(G4="","",G4*(Parametros!$B$7+Parametros!$B$8)) | J4: =IF(H4="","",H4*(Parametros!$B$7+Parametros!$B$8)) | K4: =IF(E4="","",E4*Parametros!$B$6*(Parametros!$B$4+Parametros!$B$5)) | L4: =IF(E4="","",SUM(G4:K4))
A5: 001/2025 | B5: V-004 | C5: Vigilante 4 | D5: Vigilante | E5: 2200 | F5: 45659 | G5: =IF(E5="","",E5/12) | H5: =IF(E5="","",E5/12*(1+Parametros!$B$9)) | I5: =IF(G5="","",G5*(Parametros!$B$7+Parametros!$B$8)) | J5: =IF(H5="","",H5*(Parametros!$B$7+Parametros!$B$8)) | K5: =IF(E5="","",E5*Parametros!$B$6*(Parametros!$B$4+Parametros!$B$5)) | L5: =IF(E5="","",SUM(G5:K5))
A6: 001/2025 | B6: V-005 | C6: Vigilante 5 | D6: Vigilante | E6: 2200 | F6: 45659 | G6: =IF(E6="","",E6/12) | H6: =IF(E6="","",E6/12*(1+Parametros!$B$9)) | I6: =IF(G6="","",G6*(Parametros!$B$7+Parametros!$B$8)) | J6: =IF(H6="","",H6*(Parametros!$B$7+Parametros!$B$8)) | K6: =IF(E6="","",E6*Parametros!$B$6*(Parametros!$B$4+Parametros!$B$5)) | L6: =IF(E6="","",SUM(G6:K6))
A7: 001/2025 | B7: V-006 | C7: Vigilante 6 | D7: Vigilante | E7: 2200 | F7: 45659 | G7: =IF(E7="","",E7/12) | H7: =IF(E7="","",E7/12*(1+Parametros!$B$9)) | I7: =IF(G7="","",G7*(Parametros!$B$7+Parametros!$B$8)) | J7: =IF(H7="","",H7*(Parametros!$B$7+Parametros!$B$8)) | K7: =IF(E7="","",E7*Parametros!$B$6*(Parametros!$B$4+Parametros!$B$5)) | L7: =IF(E7="","",SUM(G7:K7))
A8: 001/2025 | B8: V-007 | C8: Vigilante 7 | D8: Vigilante | E8: 2200 | F8: 45659 | G8: =IF(E8="","",E8/12) | H8: =IF(E8="","",E8/12*(1+Parametros!$B$9)) | I8: =IF(G8="","",G8*(Parametros!$B$7+Parametros!$B$8)) | J8: =IF(H8="","",H8*(Parametros!$B$7+Parametros!$B$8)) | K8: =IF(E8="","",E8*Parametros!$B$6*(Parametros!$B$4+Parametros!$B$5)) | L8: =IF(E8="","",SUM(G8:K8))
A9: 001/2025 | B9: V-008 | C9: Vigilante 8 | D9: Vigilante | E9: 2200 | F9: 45659 | G9: =IF(E9="","",E9/12) | H9: =IF(E9="","",E9/12*(1+Parametros!$B$9)) | I9: =IF(G9="","",G9*(Parametros!$B$7+Parametros!$B$8)) | J9: =IF(H9="","",H9*(Parametros!$B$7+Parametros!$B$8)) | K9: =IF(E9="","",E9*Parametros!$B$6*(Parametros!$B$4+Parametros!$B$5)) | L9: =IF(E9="","",SUM(G9:K9))
A10: 002/2025 | B10: L-001 | C10: Limpeza 1 | D10: Aux. Limpeza | E10: 1800 | F10: 45660 | G10: =IF(E10="","",E10/12) | H10: =IF(E10="","",E10/12*(1+Parametros!$B$9)) | I10: =IF(G10="","",G10*(Parametros!$B$7+Parametros!$B$8)) | J10: =IF(H10="","",H10*(Parametros!$B$7+Parametros!$B$8)) | K10: =IF(E10="","",E10*Parametros!$B$6*(Parametros!$B$4+Parametros!$B$5)) | L10: =IF(E10="","",SUM(G10:K10))
A11: 002/2025 | B11: L-002 | C11: Limpeza 2 | D11: Aux. Limpeza | E11: 1800 | F11: 45660 | G11: =IF(E11="","",E11/12) | H11: =IF(E11="","",E11/12*(1+Parametros!$B$9)) | I11: =IF(G11="","",G11*(Parametros!$B$7+Parametros!$B$8)) | J11: =IF(H11="","",H11*(Parametros!$B$7+Parametros!$B$8)) | K11: =IF(E11="","",E11*Parametros!$B$6*(Parametros!$B$4+Parametros!$B$5)) | L11: =IF(E11="","",SUM(G11:K11))
A12: 002/2025 | B12: L-003 | C12: Limpeza 3 | D12: Aux. Limpeza | E12: 1800 | F12: 45660 | G12: =IF(E12="","",E12/12) | H12: =IF(E12="","",E12/12*(1+Parametros!$B$9)) | I12: =IF(G12="","",G12*(Parametros!$B$7+Parametros!$B$8)) | J12: =IF(H12="","",H12*(Parametros!$B$7+Parametros!$B$8)) | K12: =IF(E12="","",E12*Parametros!$B$6*(Parametros!$B$4+Parametros!$B$5)) | L12: =IF(E12="","",SUM(G12:K12))
A13: 002/2025 | B13: L-004 | C13: Limpeza 4 | D13: Aux. Limpeza | E13: 1800 | F13: 45660 | G13: =IF(E13="","",E13/12) | H13: =IF(E13="","",E13/12*(1+Parametros!$B$9)) | I13: =IF(G13="","",G13*(Parametros!$B$7+Parametros!$B$8)) | J13: =IF(H13="","",H13*(Parametros!$B$7+Parametros!$B$8)) | K13: =IF(E13="","",E13*Parametros!$B$6*(Parametros!$B$4+Parametros!$B$5)) | L13: =IF(E13="","",SUM(G13:K13))
G14: =IF(E14="","",E14/12) | H14: =IF(E14="","",E14/12*(1+Parametros!$B$9)) | I14: =IF(G14="","",G14*(Parametros!$B$7+Parametros!$B$8)) | J14: =IF(H14="","",H14*(Parametros!$B$7+Parametros!$B$8)) | K14: =IF(E14="","",E14*Parametros!$B$6*(Parametros!$B$4+Parametros!$B$5)) | L14: =IF(E14="","",SUM(G14:K14))
G15: =IF(E15="","",E15/12) | H15: =IF(E15="","",E15/12*(1+Parametros!$B$9)) | I15: =IF(G15="","",G15*(Parametros!$B$7+Parametros!$B$8)) | J15: =IF(H15="","",H15*(Parametros!$B$7+Parametros!$B$8)) | K15: =IF(E15="","",E15*Parametros!$B$6*(Parametros!$B$4+Parametros!$B$5)) | L15: =IF(E15="","",SUM(G15:K15))
G16: =IF(E16="","",E16/12) | H16: =IF(E16="","",E16/12*(1+Parametros!$B$9)) | I16: =IF(G16="","",G16*(Parametros!$B$7+Parametros!$B$8)) | J16: =IF(H16="","",H16*(Parametros!$B$7+Parametros!$B$8)) | K16: =IF(E16="","",E16*Parametros!$B$6*(Parametros!$B$4+Parametros!$B$5)) | L16: =IF(E16="","",SUM(G16:K16))
G17: =IF(E17="","",E17/12) | H17: =IF(E17="","",E17/12*(1+Parametros!$B$9)) | I17: =IF(G17="","",G17*(Parametros!$B$7+Parametros!$B$8)) | J17: =IF(H17="","",H17*(Parametros!$B$7+Parametros!$B$8)) | K17: =IF(E17="","",E17*Parametros!$B$6*(Parametros!$B$4+Parametros!$B$5)) | L17: =IF(E17="","",SUM(G17:K17))
G18: =IF(E18="","",E18/12) | H18: =IF(E18="","",E18/12*(1+Parametros!$B$9)) | I18: =IF(G18="","",G18*(Parametros!$B$7+Parametros!$B$8)) | J18: =IF(H18="","",H18*(Parametros!$B$7+Parametros!$B$8)) | K18: =IF(E18="","",E18*Parametros!$B$6*(Parametros!$B$4+Parametros!$B$5)) | L18: =IF(E18="","",SUM(G18:K18))
G19: =IF(E19="","",E19/12) | H19: =IF(E19="","",E19/12*(1+Parametros!$B$9)) | I19: =IF(G19="","",G19*(Parametros!$B$7+Parametros!$B$8)) | J19: =IF(H19="","",H19*(Parametros!$B$7+Parametros!$B$8)) | K19: =IF(E19="","",E19*Parametros!$B$6*(Parametros!$B$4+Parametros!$B$5)) | L19: =IF(E19="","",SUM(G19:K19))
G20: =IF(E20="","",E20/12) | H20: =IF(E20="","",E20/12*(1+Parametros!$B$9)) | I20: =IF(G20="","",G20*(Parametros!$B$7+Parametros!$B$8)) | J20: =IF(H20="","",H20*(Parametros!$B$7+Parametros!$B$8)) | K20: =IF(E20="","",E20*Parametros!$B$6*(Parametros!$B$4+Parametros!$B$5)) | L20: =IF(E20="","",SUM(G20:K20))
G21: =IF(E21="","",E21/12) | H21: =IF(E21="","",E21/12*(1+Parametros!$B$9)) | I21: =IF(G21="","",G21*(Parametros!$B$7+Parametros!$B$8)) | J21: =IF(H21="","",H21*(Parametros!$B$7+Parametros!$B$8)) | K21: =IF(E21="","",E21*Parametros!$B$6*(Parametros!$B$4+Parametros!$B$5)) | L21: =IF(E21="","",SUM(G21:K21))
G22: =IF(E22="","",E22/12) | H22: =IF(E22="","",E22/12*(1+Parametros!$B$9)) | I22: =IF(G22="","",G22*(Parametros!$B$7+Parametros!$B$8)) | J22: =IF(H22="","",H22*(Parametros!$B$7+Parametros!$B$8)) | K22: =IF(E22="","",E22*Parametros!$B$6*(Parametros!$B$4+Parametros!$B$5)) | L22: =IF(E22="","",SUM(G22:K22))
G23: =IF(E23="","",E23/12) | H23: =IF(E23="","",E23/12*(1+Parametros!$B$9)) | I23: =IF(G23="","",G23*(Parametros!$B$7+Parametros!$B$8)) | J23: =IF(H23="","",H23*(Parametros!$B$7+Parametros!$B$8)) | K23: =IF(E23="","",E23*Parametros!$B$6*(Parametros!$B$4+Parametros!$B$5)) | L23: =IF(E23="","",SUM(G23:K23))
G24: =IF(E24="","",E24/12) | H24: =IF(E24="","",E24/12*(1+Parametros!$B$9)) | I24: =IF(G24="","",G24*(Parametros!$B$7+Parametros!$B$8)) | J24: =IF(H24="","",H24*(Parametros!$B$7+Parametros!$B$8)) | K24: =IF(E24="","",E24*Parametros!$B$6*(Parametros!$B$4+Parametros!$B$5)) | L24: =IF(E24="","",SUM(G24:K24))
G25: =IF(E25="","",E25/12) | H25: =IF(E25="","",E25/12*(1+Parametros!$B$9)) | I25: =IF(G25="","",G25*(Parametros!$B$7+Parametros!$B$8)) | J25: =IF(H25="","",H25*(Parametros!$B$7+Parametros!$B$8)) | K25: =IF(E25="","",E25*Parametros!$B$6*(Parametros!$B$4+Parametros!$B$5)) | L25: =IF(E25="","",SUM(G25:K25))
... G305: =IF(E305="","",E305/12) | H305: =IF(E305="","",E305/12*(1+Parametros!$B$9)) | I305: =IF(G305="","",G305*(Parametros!$B$7+Parametros!$B$8)) | J305: =IF(H305="","",H305*(Parametros!$B$7+Parametros!$B$8)) | K305: =IF(E305="","",E305*Parametros!$B$6*(Parametros!$B$4+Parametros!$B$5)) | L305: =IF(E305="","",SUM(G305:K305))

Sheet Medicao_Mensal
A1: Mês/Ano | B1: Nº Contrato | C1: Faturamento Bruto (R$) | D1: Parcela Autônoma (R$) | E1: Provisão Calculada (R$) | F1: Diferença (R$) | G1: Depósito Efetivado (R$) | H1: Situação
A2: jan/2026 | B2: 001/2025 | C2: 98000 | D2: =IF(C2="","",C2*IFERROR(VLOOKUP(B2,Contratos!$A:$G,7,0),0)) | E2: =IF(B2="","",SUMIF(Empregados!$A:$A,B2,Empregados!$L:$L)) | F2: =IF(C2="","",C2-D2) | G2: 11500 | H2: =IF(E2="","",IF(G2="","EM ATRASO",IF(G2>=E2,"CONFORME","EM ATRASO")))
A3: jan/2026 | B3: 002/2025 | C3: 42000 | D3: =IF(C3="","",C3*IFERROR(VLOOKUP(B3,Contratos!$A:$G,7,0),0)) | E3: =IF(B3="","",SUMIF(Empregados!$A:$A,B3,Empregados!$L:$L)) | F3: =IF(C3="","",C3-D3) | G3: 4200 | H3: =IF(E3="","",IF(G3="","EM ATRASO",IF(G3>=E3,"CONFORME","EM ATRASO")))
D4: =IF(C4="","",C4*IFERROR(VLOOKUP(B4,Contratos!$A:$G,7,0),0)) | E4: =IF(B4="","",SUMIF(Empregados!$A:$A,B4,Empregados!$L:$L)) | F4: =IF(C4="","",C4-D4) | H4: =IF(E4="","",IF(G4="","EM ATRASO",IF(G4>=E4,"CONFORME","EM ATRASO")))
D5: =IF(C5="","",C5*IFERROR(VLOOKUP(B5,Contratos!$A:$G,7,0),0)) | E5: =IF(B5="","",SUMIF(Empregados!$A:$A,B5,Empregados!$L:$L)) | F5: =IF(C5="","",C5-D5) | H5: =IF(E5="","",IF(G5="","EM ATRASO",IF(G5>=E5,"CONFORME","EM ATRASO")))
D6: =IF(C6="","",C6*IFERROR(VLOOKUP(B6,Contratos!$A:$G,7,0),0)) | E6: =IF(B6="","",SUMIF(Empregados!$A:$A,B6,Empregados!$L:$L)) | F6: =IF(C6="","",C6-D6) | H6: =IF(E6="","",IF(G6="","EM ATRASO",IF(G6>=E6,"CONFORME","EM ATRASO")))
D7: =IF(C7="","",C7*IFERROR(VLOOKUP(B7,Contratos!$A:$G,7,0),0)) | E7: =IF(B7="","",SUMIF(Empregados!$A:$A,B7,Empregados!$L:$L)) | F7: =IF(C7="","",C7-D7) | H7: =IF(E7="","",IF(G7="","EM ATRASO",IF(G7>=E7,"CONFORME","EM ATRASO")))
D8: =IF(C8="","",C8*IFERROR(VLOOKUP(B8,Contratos!$A:$G,7,0),0)) | E8: =IF(B8="","",SUMIF(Empregados!$A:$A,B8,Empregados!$L:$L)) | F8: =IF(C8="","",C8-D8) | H8: =IF(E8="","",IF(G8="","EM ATRASO",IF(G8>=E8,"CONFORME","EM ATRASO")))
D9: =IF(C9="","",C9*IFERROR(VLOOKUP(B9,Contratos!$A:$G,7,0),0)) | E9: =IF(B9="","",SUMIF(Empregados!$A:$A,B9,Empregados!$L:$L)) | F9: =IF(C9="","",C9-D9) | H9: =IF(E9="","",IF(G9="","EM ATRASO",IF(G9>=E9,"CONFORME","EM ATRASO")))
D10: =IF(C10="","",C10*IFERROR(VLOOKUP(B10,Contratos!$A:$G,7,0),0)) | E10: =IF(B10="","",SUMIF(Empregados!$A:$A,B10,Empregados!$L:$L)) | F10: =IF(C10="","",C10-D10) | H10: =IF(E10="","",IF(G10="","EM ATRASO",IF(G10>=E10,"CONFORME","EM ATRASO")))
D11: =IF(C11="","",C11*IFERROR(VLOOKUP(B11,Contratos!$A:$G,7,0),0)) | E11: =IF(B11="","",SUMIF(Empregados!$A:$A,B11,Empregados!$L:$L)) | F11: =IF(C11="","",C11-D11) | H11: =IF(E11="","",IF(G11="","EM ATRASO",IF(G11>=E11,"CONFORME","EM ATRASO")))
D12: =IF(C12="","",C12*IFERROR(VLOOKUP(B12,Contratos!$A:$G,7,0),0)) | E12: =IF(B12="","",SUMIF(Empregados!$A:$A,B12,Empregados!$L:$L)) | F12: =IF(C12="","",C12-D12) | H12: =IF(E12="","",IF(G12="","EM ATRASO",IF(G12>=E12,"CONFORME","EM ATRASO")))
D13: =IF(C13="","",C13*IFERROR(VLOOKUP(B13,Contratos!$A:$G,7,0),0)) | E13: =IF(B13="","",SUMIF(Empregados!$A:$A,B13,Empregados!$L:$L)) | F13: =IF(C13="","",C13-D13) | H13: =IF(E13="","",IF(G13="","EM ATRASO",IF(G13>=E13,"CONFORME","EM ATRASO")))
D14: =IF(C14="","",C14*IFERROR(VLOOKUP(B14,Contratos!$A:$G,7,0),0)) | E14: =IF(B14="","",SUMIF(Empregados!$A:$A,B14,Empregados!$L:$L)) | F14: =IF(C14="","",C14-D14) | H14: =IF(E14="","",IF(G14="","EM ATRASO",IF(G14>=E14,"CONFORME","EM ATRASO")))
D15: =IF(C15="","",C15*IFERROR(VLOOKUP(B15,Contratos!$A:$G,7,0),0)) | E15: =IF(B15="","",SUMIF(Empregados!$A:$A,B15,Empregados!$L:$L)) | F15: =IF(C15="","",C15-D15) | H15: =IF(E15="","",IF(G15="","EM ATRASO",IF(G15>=E15,"CONFORME","EM ATRASO")))
... D121: =IF(C121="","",C121*IFERROR(VLOOKUP(B121,Contratos!$A:$G,7,0),0)) | E121: =IF(B121="","",SUMIF(Empregados!$A:$A,B121,Empregados!$L:$L)) | F121: =IF(C121="","",C121-D121) | H121: =IF(E121="","",IF(G121="","EM ATRASO",IF(G121>=E121,"CONFORME","EM ATRASO")))

Sheet Conciliacao
A1: Nº Contrato | B1: Saldo Inicial | C1: Provisionado Acumulado | D1: Depositado Acumulado | E1: Liberado Acumulado | F1: Saldo Final | G1: Provisão Devida Acumulada | H1: Alerta | J1: Nº Contrato | K1: Data Liberação | L1: Tipo (13º / Férias / Rescisório) | M1: Valor (R$)
A2: =IF(Contratos!A2="","",Contratos!A2) | B2: =IF($A2="","",IFERROR(VLOOKUP($A2,Contratos!$A:$I,8,0),0)) | C2: =IF($A2="","",SUMIF(Medicao_Mensal!$B:$B,$A2,Medicao_Mensal!$E:$E)) | D2: =IF($A2="","",SUMIF(Medicao_Mensal!$B:$B,$A2,Medicao_Mensal!$G:$G)) | E2: =IF($A2="","",SUMIF($J:$J,$A2,$M:$M)) | F2: =IF($A2="","",B2+D2-E2) | G2: =IF($A2="","",C2) | H2: =IF($A2="","",IF(F2<C2,"SALDO INSUFICIENTE","OK")) | J2: 001/2025 | K2: 46037 | L2: 13º | M2: 8000
A3: =IF(Contratos!A3="","",Contratos!A3) | B3: =IF($A3="","",IFERROR(VLOOKUP($A3,Contratos!$A:$I,8,0),0)) | C3: =IF($A3="","",SUMIF(Medicao_Mensal!$B:$B,$A3,Medicao_Mensal!$E:$E)) | D3: =IF($A3="","",SUMIF(Medicao_Mensal!$B:$B,$A3,Medicao_Mensal!$G:$G)) | E3: =IF($A3="","",SUMIF($J:$J,$A3,$M:$M)) | F3: =IF($A3="","",B3+D3-E3) | G3: =IF($A3="","",C3) | H3: =IF($A3="","",IF(F3<C3,"SALDO INSUFICIENTE","OK")) | J3: 002/2025 | K3: 46063 | L3: Férias | M3: 3500
A4: =IF(Contratos!A4="","",Contratos!A4) | B4: =IF($A4="","",IFERROR(VLOOKUP($A4,Contratos!$A:$I,8,0),0)) | C4: =IF($A4="","",SUMIF(Medicao_Mensal!$B:$B,$A4,Medicao_Mensal!$E:$E)) | D4: =IF($A4="","",SUMIF(Medicao_Mensal!$B:$B,$A4,Medicao_Mensal!$G:$G)) | E4: =IF($A4="","",SUMIF($J:$J,$A4,$M:$M)) | F4: =IF($A4="","",B4+D4-E4) | G4: =IF($A4="","",C4) | H4: =IF($A4="","",IF(F4<C4,"SALDO INSUFICIENTE","OK"))
A5: =IF(Contratos!A5="","",Contratos!A5) | B5: =IF($A5="","",IFERROR(VLOOKUP($A5,Contratos!$A:$I,8,0),0)) | C5: =IF($A5="","",SUMIF(Medicao_Mensal!$B:$B,$A5,Medicao_Mensal!$E:$E)) | D5: =IF($A5="","",SUMIF(Medicao_Mensal!$B:$B,$A5,Medicao_Mensal!$G:$G)) | E5: =IF($A5="","",SUMIF($J:$J,$A5,$M:$M)) | F5: =IF($A5="","",B5+D5-E5) | G5: =IF($A5="","",C5) | H5: =IF($A5="","",IF(F5<C5,"SALDO INSUFICIENTE","OK"))
A6: =IF(Contratos!A6="","",Contratos!A6) | B6: =IF($A6="","",IFERROR(VLOOKUP($A6,Contratos!$A:$I,8,0),0)) | C6: =IF($A6="","",SUMIF(Medicao_Mensal!$B:$B,$A6,Medicao_Mensal!$E:$E)) | D6: =IF($A6="","",SUMIF(Medicao_Mensal!$B:$B,$A6,Medicao_Mensal!$G:$G)) | E6: =IF($A6="","",SUMIF($J:$J,$A6,$M:$M)) | F6: =IF($A6="","",B6+D6-E6) | G6: =IF($A6="","",C6) | H6: =IF($A6="","",IF(F6<C6,"SALDO INSUFICIENTE","OK"))
A7: =IF(Contratos!A7="","",Contratos!A7) | B7: =IF($A7="","",IFERROR(VLOOKUP($A7,Contratos!$A:$I,8,0),0)) | C7: =IF($A7="","",SUMIF(Medicao_Mensal!$B:$B,$A7,Medicao_Mensal!$E:$E)) | D7: =IF($A7="","",SUMIF(Medicao_Mensal!$B:$B,$A7,Medicao_Mensal!$G:$G)) | E7: =IF($A7="","",SUMIF($J:$J,$A7,$M:$M)) | F7: =IF($A7="","",B7+D7-E7) | G7: =IF($A7="","",C7) | H7: =IF($A7="","",IF(F7<C7,"SALDO INSUFICIENTE","OK"))
A8: =IF(Contratos!A8="","",Contratos!A8) | B8: =IF($A8="","",IFERROR(VLOOKUP($A8,Contratos!$A:$I,8,0),0)) | C8: =IF($A8="","",SUMIF(Medicao_Mensal!$B:$B,$A8,Medicao_Mensal!$E:$E)) | D8: =IF($A8="","",SUMIF(Medicao_Mensal!$B:$B,$A8,Medicao_Mensal!$G:$G)) | E8: =IF($A8="","",SUMIF($J:$J,$A8,$M:$M)) | F8: =IF($A8="","",B8+D8-E8) | G8: =IF($A8="","",C8) | H8: =IF($A8="","",IF(F8<C8,"SALDO INSUFICIENTE","OK"))
A9: =IF(Contratos!A9="","",Contratos!A9) | B9: =IF($A9="","",IFERROR(VLOOKUP($A9,Contratos!$A:$I,8,0),0)) | C9: =IF($A9="","",SUMIF(Medicao_Mensal!$B:$B,$A9,Medicao_Mensal!$E:$E)) | D9: =IF($A9="","",SUMIF(Medicao_Mensal!$B:$B,$A9,Medicao_Mensal!$G:$G)) | E9: =IF($A9="","",SUMIF($J:$J,$A9,$M:$M)) | F9: =IF($A9="","",B9+D9-E9) | G9: =IF($A9="","",C9) | H9: =IF($A9="","",IF(F9<C9,"SALDO INSUFICIENTE","OK"))
A10: =IF(Contratos!A10="","",Contratos!A10) | B10: =IF($A10="","",IFERROR(VLOOKUP($A10,Contratos!$A:$I,8,0),0)) | C10: =IF($A10="","",SUMIF(Medicao_Mensal!$B:$B,$A10,Medicao_Mensal!$E:$E)) | D10: =IF($A10="","",SUMIF(Medicao_Mensal!$B:$B,$A10,Medicao_Mensal!$G:$G)) | E10: =IF($A10="","",SUMIF($J:$J,$A10,$M:$M)) | F10: =IF($A10="","",B10+D10-E10) | G10: =IF($A10="","",C10) | H10: =IF($A10="","",IF(F10<C10,"SALDO INSUFICIENTE","OK"))
A11: =IF(Contratos!A11="","",Contratos!A11) | B11: =IF($A11="","",IFERROR(VLOOKUP($A11,Contratos!$A:$I,8,0),0)) | C11: =IF($A11="","",SUMIF(Medicao_Mensal!$B:$B,$A11,Medicao_Mensal!$E:$E)) | D11: =IF($A11="","",SUMIF(Medicao_Mensal!$B:$B,$A11,Medicao_Mensal!$G:$G)) | E11: =IF($A11="","",SUMIF($J:$J,$A11,$M:$M)) | F11: =IF($A11="","",B11+D11-E11) | G11: =IF($A11="","",C11) | H11: =IF($A11="","",IF(F11<C11,"SALDO INSUFICIENTE","OK"))

Sheet Painel
A1: PAINEL – GESTÃO DA CONTA VINCULADA – DETRAN/RO
A2: Indicadores
A3: Total de contratos cadastrados | B3: =COUNTA(Contratos!A2:A11)
A4: Total de empregados cadastrados | B4: =COUNTIF(Empregados!B2:B305,"<>")
A5: Vigilantes | B5: =COUNTIF(Empregados!D2:D305,"Vigilante")
A6: Auxiliares de limpeza | B6: =COUNTIF(Empregados!D2:D305,"*Limpeza*")
A7: Provisão mensal total (todos os contratos) | B7: =SUM(Empregados!L2:L305)
A8: Parcela autônoma total provisionada no mês | B8: =SUM(Medicao_Mensal!E2:E121)
A9: Total depositado | B9: =SUM(Medicao_Mensal!G2:G121)
A10: Saldo final total da conta vinculada | B10: =SUM(Conciliacao!F2:F11)
A11: Contratos com depósito em atraso | B11: =COUNTIF(Medicao_Mensal!H2:H121,"EM ATRASO")
A13: Nº Contrato | B13: Nº Empregados | C13: Provisão Mensal | D13: Saldo Final Conta | E13: Alerta
A14: =IF(Contratos!A2="","",Contratos!A2) | B14: =IF($A14="","",COUNTIF(Empregados!$A$2:$A$305,$A14)) | C14: =IF($A14="","",SUMIF(Empregados!$A$2:$A$305,$A14,Empregados!$L$2:$L$305)) | D14: =IF($A14="","",IFERROR(VLOOKUP($A14,Conciliacao!$A:$F,6,0),0)) | E14: =IF($A14="","",IFERROR(VLOOKUP($A14,Conciliacao!$A:$H,8,0),"OK"))
A15: =IF(Contratos!A3="","",Contratos!A3) | B15: =IF($A15="","",COUNTIF(Empregados!$A$2:$A$305,$A15)) | C15: =IF($A15="","",SUMIF(Empregados!$A$2:$A$305,$A15,Empregados!$L$2:$L$305)) | D15: =IF($A15="","",IFERROR(VLOOKUP($A15,Conciliacao!$A:$F,6,0),0)) | E15: =IF($A15="","",IFERROR(VLOOKUP($A15,Conciliacao!$A:$H,8,0),"OK"))
A16: =IF(Contratos!A4="","",Contratos!A4) | B16: =IF($A16="","",COUNTIF(Empregados!$A$2:$A$305,$A16)) | C16: =IF($A16="","",SUMIF(Empregados!$A$2:$A$305,$A16,Empregados!$L$2:$L$305)) | D16: =IF($A16="","",IFERROR(VLOOKUP($A16,Conciliacao!$A:$F,6,0),0)) | E16: =IF($A16="","",IFERROR(VLOOKUP($A16,Conciliacao!$A:$H,8,0),"OK"))
A17: =IF(Contratos!A5="","",Contratos!A5) | B17: =IF($A17="","",COUNTIF(Empregados!$A$2:$A$305,$A17)) | C17: =IF($A17="","",SUMIF(Empregados!$A$2:$A$305,$A17,Empregados!$L$2:$L$305)) | D17: =IF($A17="","",IFERROR(VLOOKUP($A17,Conciliacao!$A:$F,6,0),0)) | E17: =IF($A17="","",IFERROR(VLOOKUP($A17,Conciliacao!$A:$H,8,0),"OK"))
A18: =IF(Contratos!A6="","",Contratos!A6) | B18: =IF($A18="","",COUNTIF(Empregados!$A$2:$A$305,$A18)) | C18: =IF($A18="","",SUMIF(Empregados!$A$2:$A$305,$A18,Empregados!$L$2:$L$305)) | D18: =IF($A18="","",IFERROR(VLOOKUP($A18,Conciliacao!$A:$F,6,0),0)) | E18: =IF($A18="","",IFERROR(VLOOKUP($A18,Conciliacao!$A:$H,8,0),"OK"))
A19: =IF(Contratos!A7="","",Contratos!A7) | B19: =IF($A19="","",COUNTIF(Empregados!$A$2:$A$305,$A19)) | C19: =IF($A19="","",SUMIF(Empregados!$A$2:$A$305,$A19,Empregados!$L$2:$L$305)) | D19: =IF($A19="","",IFERROR(VLOOKUP($A19,Conciliacao!$A:$F,6,0),0)) | E19: =IF($A19="","",IFERROR(VLOOKUP($A19,Conciliacao!$A:$H,8,0),"OK"))
A20: =IF(Contratos!A8="","",Contratos!A8) | B20: =IF($A20="","",COUNTIF(Empregados!$A$2:$A$305,$A20)) | C20: =IF($A20="","",SUMIF(Empregados!$A$2:$A$305,$A20,Empregados!$L$2:$L$305)) | D20: =IF($A20="","",IFERROR(VLOOKUP($A20,Conciliacao!$A:$F,6,0),0)) | E20: =IF($A20="","",IFERROR(VLOOKUP($A20,Conciliacao!$A:$H,8,0),"OK"))
A21: =IF(Contratos!A9="","",Contratos!A9) | B21: =IF($A21="","",COUNTIF(Empregados!$A$2:$A$305,$A21)) | C21: =IF($A21="","",SUMIF(Empregados!$A$2:$A$305,$A21,Empregados!$L$2:$L$305)) | D21: =IF($A21="","",IFERROR(VLOOKUP($A21,Conciliacao!$A:$F,6,0),0)) | E21: =IF($A21="","",IFERROR(VLOOKUP($A21,Conciliacao!$A:$H,8,0),"OK"))
A22: =IF(Contratos!A10="","",Contratos!A10) | B22: =IF($A22="","",COUNTIF(Empregados!$A$2:$A$305,$A22)) | C22: =IF($A22="","",SUMIF(Empregados!$A$2:$A$305,$A22,Empregados!$L$2:$L$305)) | D22: =IF($A22="","",IFERROR(VLOOKUP($A22,Conciliacao!$A:$F,6,0),0)) | E22: =IF($A22="","",IFERROR(VLOOKUP($A22,Conciliacao!$A:$H,8,0),"OK"))
A23: =IF(Contratos!A11="","",Contratos!A11) | B23: =IF($A23="","",COUNTIF(Empregados!$A$2:$A$305,$A23)) | C23: =IF($A23="","",SUMIF(Empregados!$A$2:$A$305,$A23,Empregados!$L$2:$L$305)) | D23: =IF($A23="","",IFERROR(VLOOKUP($A23,Conciliacao!$A:$F,6,0),0)) | E23: =IF($A23="","",IFERROR(VLOOKUP($A23,Conciliacao!$A:$H,8,0),"OK"))
A26: Ajuste os parâmetros na aba Parametros conforme o edital e os percentuais do contrato. Os depósitos devem refletir o extrato bancário da conta-depósito vinculada bloqueada.
